<?xml version="1.0" encoding="UTF-8"?>
<suppressions xmlns="https://jeremylong.github.io/DependencyCheck/dependency-suppression.1.3.xsd">
   <suppress>
      <notes><![CDATA[
      file name: jackson-databind-2.14.2.jar
      ]]></notes>
      <packageUrl regex="true">^pkg:maven/com\.fasterxml\.jackson\.core/jackson-databind@.*$</packageUrl>
      <cve>CVE-2023-35116</cve>
   </suppress>
   <suppress>
   <notes><![CDATA[
   file name: json-path-2.7.0.jar
   ]]></notes>
   <packageUrl regex="true">^pkg:maven/com\.jayway\.jsonpath/json-path@.*$</packageUrl>
   <vulnerabilityName>CVE-2023-51074</vulnerabilityName>
</suppress>
<suppress>
   <notes><![CDATA[
   file name: logback-classic-1.4.7.jar
   ]]></notes>
   <packageUrl regex="true">^pkg:maven/ch\.qos\.logback/logback-classic@.*$</packageUrl>
   <cve>CVE-2023-6378</cve>
</suppress>
<suppress>
   <notes><![CDATA[
   file name: logback-core-1.4.7.jar
   ]]></notes>
   <packageUrl regex="true">^pkg:maven/ch\.qos\.logback/logback-core@.*$</packageUrl>
   <cve>CVE-2023-6378</cve>
</suppress>
<suppress>
   <notes><![CDATA[
   file name: logback-core-1.4.7.jar
   ]]></notes>
   <packageUrl regex="true">^pkg:maven/ch\.qos\.logback/logback-core@.*$</packageUrl>
   <vulnerabilityName>CVE-2024-12798</vulnerabilityName>
</suppress>
<suppress>
   <notes><![CDATA[
   file name: logback-core-1.4.7.jar
   ]]></notes>
   <packageUrl regex="true">^pkg:maven/ch\.qos\.logback/logback-core@.*$</packageUrl>
   <vulnerabilityName>CVE-2024-12801</vulnerabilityName>
</suppress>
<suppress>
   <notes><![CDATA[
   file name: spring-boot-3.0.6.jar
   ]]></notes>
   <packageUrl regex="true">^pkg:maven/org\.springframework\.boot/spring-boot@.*$</packageUrl>
   <cve>CVE-2023-20883</cve>
</suppress>
<suppress>
   <notes><![CDATA[
   file name: spring-hateoas-2.0.3.jar
   ]]></notes>
   <packageUrl regex="true">^pkg:maven/org\.springframework\.hateoas/spring-hateoas@.*$</packageUrl>
   <cve>CVE-2023-34036</cve>
</suppress>
<suppress>
   <notes><![CDATA[
   file name: spring-webmvc-6.0.8.jar
   ]]></notes>
   <packageUrl regex="true">^pkg:maven/org\.springframework/spring-webmvc@.*$</packageUrl>
   <vulnerabilityName>CVE-2024-38816</vulnerabilityName>
</suppress>
<suppress>
   <notes><![CDATA[
   file name: tomcat-embed-core-10.1.8.jar
   ]]></notes>
   <packageUrl regex="true">^pkg:maven/org\.apache\.tomcat\.embed/tomcat-embed-core@.*$</packageUrl>
   <cve>CVE-2025-24813</cve>
</suppress>
</suppressions>